{
  "Version": "2012-10-17",
  "Statement": [
    {
      "Sid": "S3MountAccess",
      "Effect": "Allow",
      "Action": [
        "s3:ListBucket",
        "s3:GetBucketLocation"
      ],
      "Resource": "arn:aws:s3:::toolchain-*"
    },
    {
      "Sid": "S3ObjectReadWrite",
      "Effect": "Allow",
      "Action": [
        "s3:GetObject",
        "s3:PutObject",
        "s3:DeleteObject",
        "s3:GetObjectVersion",
        "s3:ListBucketVersions"
      ],
      "Resource": "arn:aws:s3:::toolchain-*/*"
    },
    {
      "Sid": "SSMAgentAccess",
      "Effect": "Allow",
      "Action": [
        "ssm:UpdateInstanceInformation",
        "ssmmessages:CreateControlChannel",
        "ssmmessages:CreateDataChannel",
        "ssmmessages:OpenControlChannel",
        "ssmmessages:OpenDataChannel",
        "ec2messages:AcknowledgeMessage",
        "ec2messages:DeleteMessage",
        "ec2messages:FailMessage",
        "ec2messages:GetEndpoint",
        "ec2messages:GetMessages",
        "ec2messages:SendReply"
      ],
      "Resource": "*"
    },
    {
      "Sid": "CloudWatchLogsAccess",
      "Effect": "Allow",
      "Action": [
        "logs:CreateLogGroup",
        "logs:CreateLogStream",
        "logs:PutLogEvents",
        "logs:DescribeLogStreams"
      ],
      "Resource": "arn:aws:logs:*:*:log-group:/aws/ec2/*"
    }
  ]
}
