{
  "Version": "2012-10-17",
  "Statement": [
    {
      "Sid": "S3DataAccess",
      "Effect": "Allow",
      "Action": [
        "s3:ListBucket",
        "s3:GetBucketLocation"
      ],
      "Resource": "arn:aws:s3:::toolchain-*"
    },
    {
      "Sid": "S3ObjectAccess",
      "Effect": "Allow",
      "Action": [
        "s3:GetObject",
        "s3:PutObject",
        "s3:DeleteObject",
        "s3:GetObjectVersion"
      ],
      "Resource": "arn:aws:s3:::toolchain-*/*"
    },
    {
      "Sid": "ECRAuth",
      "Effect": "Allow",
      "Action": "ecr:GetAuthorizationToken",
      "Resource": "*"
    },
    {
      "Sid": "ECRImagePull",
      "Effect": "Allow",
      "Action": [
        "ecr:BatchCheckLayerAvailability",
        "ecr:GetDownloadUrlForLayer",
        "ecr:BatchGetImage",
        "ecr:DescribeImages"
      ],
      "Resource": "arn:aws:ecr:*:*:repository/toolchain-*"
    },
    {
      "Sid": "CloudWatchLogs",
      "Effect": "Allow",
      "Action": [
        "logs:CreateLogGroup",
        "logs:CreateLogStream",
        "logs:PutLogEvents",
        "logs:DescribeLogStreams",
        "logs:GetLogEvents"
      ],
      "Resource": "arn:aws:logs:*:*:log-group:/aws/sagemaker/*"
    },
    {
      "Sid": "CloudWatchMetrics",
      "Effect": "Allow",
      "Action": [
        "cloudwatch:PutMetricData",
        "cloudwatch:GetMetricData",
        "cloudwatch:GetMetricStatistics"
      ],
      "Resource": "*",
      "Condition": {
        "StringEquals": {
          "cloudwatch:namespace": [
            "/aws/sagemaker/TrainingJobs",
            "/aws/sagemaker/Endpoints",
            "AWS/SageMaker"
          ]
        }
      }
    },
    {
      "Sid": "EC2NetworkAccess",
      "Effect": "Allow",
      "Action": [
        "ec2:CreateNetworkInterface",
        "ec2:CreateNetworkInterfacePermission",
        "ec2:DeleteNetworkInterface",
        "ec2:DeleteNetworkInterfacePermission",
        "ec2:DescribeNetworkInterfaces",
        "ec2:DescribeVpcs",
        "ec2:DescribeDhcpOptions",
        "ec2:DescribeSubnets",
        "ec2:DescribeSecurityGroups"
      ],
      "Resource": "*"
    }
  ]
}
